1;ABATAN;Evan;Evan.ABATAN@protonmail.com;1970-01-02;login1;mdp1
2;AIT MANSOUR;Inas;Inas.AIT MANSOUR@protonmail.com;1970-01-03;login2;mdp2
3;BECKER;Maxime;Maxime.BECKER@protonmail.com;1970-01-04;login3;mdp3
4;BERANGER;Aurelien;Aurelien.BERANGER@protonmail.com;1970-01-05;login4;mdp4
5;BLIN;Florent;Florent.BLIN@protonmail.com;1970-01-06;login5;mdp5
6;CESARI;Jeffrey;Jeffrey.CESARI@protonmail.com;1970-01-07;login6;mdp6
7;CHARLES;Dimitry;Dimitry.CHARLES@protonmail.com;1970-01-08;login7;mdp7
8;CHARTIER;Pierre;Pierre.CHARTIER@protonmail.com;1970-01-09;login8;mdp8
9;CHRISTON;Vincent;Vincent.CHRISTON@protonmail.com;1970-01-10;login9;mdp9
10;CONTE-LAY;Corentin;Corentin.CONTE-LAY@protonmail.com;1970-01-11;login10;mdp10